id,answer
test_0001,b
test_0002,b
test_0003,b
test_0004,c
test_0005,c
test_0006,d
test_0007,d
test_0008,b
test_0009,b
test_0010,a
test_0011,d
test_0012,c
test_0013,b
test_0014,d
test_0015,d
test_0016,a
test_0017,a
test_0018,a
test_0019,d
test_0020,c
test_0021,b
test_0022,d
test_0023,a
test_0024,a
test_0025,a
test_0026,d
test_0027,b
test_0028,b
test_0029,b
test_0030,c
test_0031,a
test_0032,a
test_0033,a
test_0034,b
test_0035,b
test_0036,a
test_0037,d
test_0038,c
test_0039,b
test_0040,d
test_0041,d
test_0042,a
test_0043,a
test_0044,a
test_0045,b
test_0046,b
test_0047,c
test_0048,d
test_0049,b
test_0050,a
test_0051,a
test_0052,a
test_0053,c
test_0054,a
test_0055,d
test_0056,c
test_0057,a
test_0058,b
test_0059,c
test_0060,a
test_0061,c
test_0062,c
test_0063,a
test_0064,c
test_0065,c
test_0066,b
test_0067,b
test_0068,d
test_0069,d
test_0070,b
test_0071,a
test_0072,c
test_0073,a
test_0074,b
test_0075,b
test_0076,b
test_0077,d
test_0078,d
test_0079,b
test_0080,a
test_0081,c
test_0082,a
test_0083,a
test_0084,d
test_0085,d
test_0086,b
test_0087,a
test_0088,a
test_0089,d
test_0090,b
test_0091,a
test_0092,a
test_0093,d
test_0094,b
test_0095,d
test_0096,a
test_0097,c
test_0098,c
test_0099,c
test_0100,c
test_0101,b
test_0102,a
test_0103,c
test_0104,b
test_0105,d
test_0106,b
test_0107,b
test_0108,a
test_0109,a
test_0110,b
test_0111,c
test_0112,d
test_0113,c
test_0114,b
test_0115,b
test_0116,c
test_0117,d
test_0118,a
test_0119,d
test_0120,a
test_0121,b
test_0122,b
test_0123,b
test_0124,b
test_0125,d
test_0126,a
test_0127,b
test_0128,b
test_0129,b
test_0130,b
test_0131,d
test_0132,d
test_0133,b
test_0134,b
test_0135,c
test_0136,b
test_0137,b
test_0138,c
test_0139,c
test_0140,b
test_0141,c
test_0142,d
test_0143,c
test_0144,c
test_0145,d
test_0146,a
test_0147,c
test_0148,c
test_0149,d
test_0150,a
test_0151,d
test_0152,b
test_0153,b
test_0154,a
test_0155,a
test_0156,d
test_0157,a
test_0158,a
test_0159,a
test_0160,b
test_0161,d
test_0162,c
test_0163,c
test_0164,a
test_0165,b
test_0166,b
test_0167,a
test_0168,d
test_0169,b
test_0170,c
test_0171,a
test_0172,a
test_0173,c
test_0174,a
test_0175,b
test_0176,d
test_0177,c
test_0178,d
test_0179,b
test_0180,d
test_0181,b
test_0182,b
test_0183,a
test_0184,d
test_0185,b
test_0186,c
test_0187,a
test_0188,c
test_0189,c
test_0190,d
test_0191,b
test_0192,a
test_0193,b
test_0194,d
test_0195,b
test_0196,c
test_0197,c
test_0198,a
test_0199,a
test_0200,a
test_0201,b
test_0202,c
test_0203,c
test_0204,a
test_0205,b
test_0206,a
test_0207,d
test_0208,c
test_0209,a
test_0210,c
test_0211,c
test_0212,d
test_0213,c
test_0214,a
test_0215,d
test_0216,a
test_0217,c
test_0218,d
test_0219,c
test_0220,a
test_0221,b
test_0222,d
test_0223,a
test_0224,a
test_0225,d
test_0226,c
test_0227,a
test_0228,a
test_0229,d
test_0230,b
test_0231,a
test_0232,b
test_0233,a
test_0234,a
test_0235,a
test_0236,a
test_0237,a
test_0238,a
test_0239,a
test_0240,b
test_0241,d
test_0242,d
test_0243,d
test_0244,c
test_0245,a
test_0246,c
test_0247,d
test_0248,c
test_0249,d
test_0250,b
test_0251,d
test_0252,c
test_0253,d
test_0254,c
test_0255,b
test_0256,c
test_0257,b
test_0258,b
test_0259,d
test_0260,d
test_0261,b
test_0262,c
test_0263,a
test_0264,b
test_0265,a
test_0266,b
test_0267,a
test_0268,b
test_0269,c
test_0270,a
test_0271,b
test_0272,d
test_0273,a
test_0274,b
test_0275,b
test_0276,b
test_0277,d
test_0278,a
test_0279,a
test_0280,a
test_0281,d
test_0282,c
test_0283,a
test_0284,b
test_0285,b
test_0286,b
test_0287,c
test_0288,a
test_0289,b
test_0290,c
test_0291,c
test_0292,a
test_0293,d
test_0294,a
test_0295,d
test_0296,b
test_0297,c
test_0298,b
test_0299,c
test_0300,a
test_0301,a
test_0302,d
test_0303,b
test_0304,a
test_0305,d
test_0306,c
test_0307,d
test_0308,b
test_0309,a
test_0310,c
test_0311,b
test_0312,a
test_0313,d
test_0314,a
test_0315,a
test_0316,b
test_0317,b
test_0318,d
test_0319,a
test_0320,c
test_0321,d
test_0322,d
test_0323,b
test_0324,b
test_0325,d
test_0326,c
test_0327,c
test_0328,a
test_0329,b
test_0330,a
test_0331,c
test_0332,a
test_0333,a
test_0334,d
test_0335,b
test_0336,b
test_0337,b
test_0338,d
test_0339,b
test_0340,b
test_0341,a
test_0342,b
test_0343,b
test_0344,c
test_0345,b
test_0346,b
test_0347,d
test_0348,a
test_0349,a
test_0350,a
test_0351,b
test_0352,c
test_0353,d
test_0354,c
test_0355,c
test_0356,b
test_0357,c
test_0358,c
test_0359,a
test_0360,b
test_0361,b
test_0362,a
test_0363,c
test_0364,c
test_0365,b
test_0366,a
test_0367,b
test_0368,b
test_0369,d
test_0370,c
test_0371,b
test_0372,b
test_0373,b
test_0374,b
test_0375,c
test_0376,d
test_0377,a
test_0378,d
test_0379,b
test_0380,a
test_0381,a
test_0382,d
test_0383,d
test_0384,b
test_0385,c
test_0386,b
test_0387,d
test_0388,b
test_0389,d
test_0390,a
test_0391,c
test_0392,d
test_0393,d
test_0394,d
test_0395,b
test_0396,d
test_0397,b
test_0398,d
test_0399,d
test_0400,c
test_0401,b
test_0402,d
test_0403,d
test_0404,c
test_0405,b
test_0406,a
test_0407,b
test_0408,c
test_0409,d
test_0410,d
test_0411,d
test_0412,c
test_0413,d
test_0414,c
test_0415,d
test_0416,a
test_0417,a
test_0418,d
test_0419,b
test_0420,d
test_0421,a
test_0422,d
test_0423,b
test_0424,c
test_0425,d
test_0426,c
test_0427,b
test_0428,c
test_0429,b
test_0430,b
test_0431,a
test_0432,b
test_0433,a
test_0434,c
test_0435,a
test_0436,a
test_0437,b
test_0438,a
test_0439,c
test_0440,d
test_0441,b
test_0442,a
test_0443,b
test_0444,a
test_0445,b
test_0446,c
test_0447,b
test_0448,c
test_0449,c
test_0450,b
test_0451,a
test_0452,b
test_0453,a
test_0454,b
test_0455,a
test_0456,c
test_0457,c
test_0458,a
test_0459,c
test_0460,a
test_0461,d
test_0462,a
test_0463,c
test_0464,d
test_0465,b
test_0466,a
test_0467,b
test_0468,b
test_0469,a
test_0470,c
test_0471,d
test_0472,b
test_0473,c
test_0474,d
test_0475,a
test_0476,b
test_0477,a
test_0478,d
test_0479,a
test_0480,c
test_0481,b
test_0482,b
test_0483,d
test_0484,b
test_0485,a
test_0486,d
test_0487,a
test_0488,a
test_0489,d
test_0490,d
test_0491,b
test_0492,d
test_0493,a
test_0494,b
test_0495,a
test_0496,b
test_0497,d
test_0498,d
test_0499,a
test_0500,d
test_0501,c
test_0502,a
test_0503,a
test_0504,c
test_0505,b
test_0506,d
test_0507,b
test_0508,a
test_0509,a
test_0510,c
test_0511,a
test_0512,b
test_0513,a
test_0514,d
test_0515,b
test_0516,b
test_0517,c
test_0518,d
test_0519,c
test_0520,b
test_0521,b
test_0522,c
test_0523,b
test_0524,b
test_0525,b
test_0526,c
test_0527,a
test_0528,c
test_0529,d
test_0530,b
test_0531,a
test_0532,a
test_0533,d
test_0534,b
test_0535,a
test_0536,d
test_0537,b
test_0538,b
test_0539,c
test_0540,b
test_0541,d
test_0542,d
test_0543,b
test_0544,c
test_0545,d
test_0546,a
test_0547,a
test_0548,a
test_0549,d
test_0550,d
test_0551,c
test_0552,a
test_0553,d
test_0554,a
test_0555,b
test_0556,a
test_0557,b
test_0558,d
test_0559,b
test_0560,c
test_0561,c
test_0562,c
test_0563,a
test_0564,c
test_0565,d
test_0566,a
test_0567,d
test_0568,a
test_0569,d
test_0570,b
test_0571,b
test_0572,c
test_0573,c
test_0574,a
test_0575,b
test_0576,c
test_0577,a
test_0578,d
test_0579,c
test_0580,c
test_0581,a
test_0582,d
test_0583,a
test_0584,d
test_0585,d
test_0586,b
test_0587,b
test_0588,c
test_0589,a
test_0590,a
test_0591,b
test_0592,c
test_0593,b
test_0594,a
test_0595,b
test_0596,c
test_0597,c
test_0598,c
test_0599,a
test_0600,c
test_0601,a
test_0602,b
test_0603,d
test_0604,d
test_0605,c
test_0606,c
test_0607,b
test_0608,d
test_0609,d
test_0610,c
test_0611,c
test_0612,c
test_0613,a
test_0614,d
test_0615,a
test_0616,d
test_0617,d
test_0618,b
test_0619,a
test_0620,d
test_0621,a
test_0622,a
test_0623,c
test_0624,d
test_0625,a
test_0626,b
test_0627,c
test_0628,b
test_0629,c
test_0630,b
test_0631,a
test_0632,a
test_0633,a
test_0634,a
test_0635,c
test_0636,d
test_0637,a
test_0638,b
test_0639,a
test_0640,d
test_0641,d
test_0642,d
test_0643,c
test_0644,a
test_0645,b
test_0646,b
test_0647,d
test_0648,a
test_0649,b
test_0650,d
test_0651,c
test_0652,d
test_0653,c
test_0654,c
test_0655,c
test_0656,b
test_0657,b
test_0658,d
test_0659,c
test_0660,a
test_0661,a
test_0662,a
test_0663,b
test_0664,b
test_0665,a
test_0666,d
test_0667,d
test_0668,a
test_0669,b
test_0670,b
test_0671,a
test_0672,a
test_0673,c
test_0674,b
test_0675,c
test_0676,d
test_0677,a
test_0678,a
test_0679,a
test_0680,a
test_0681,a
test_0682,d
test_0683,c
test_0684,b
test_0685,b
test_0686,a
test_0687,c
test_0688,b
test_0689,a
test_0690,d
test_0691,c
test_0692,d
test_0693,a
test_0694,a
test_0695,c
test_0696,b
test_0697,b
test_0698,d
test_0699,a
test_0700,c
test_0701,d
test_0702,b
test_0703,a
test_0704,d
test_0705,d
test_0706,d
test_0707,c
test_0708,b
test_0709,d
test_0710,c
test_0711,d
test_0712,a
test_0713,d
test_0714,b
test_0715,b
test_0716,a
test_0717,d
test_0718,a
test_0719,d
test_0720,a
test_0721,d
test_0722,a
test_0723,d
test_0724,a
test_0725,a
test_0726,a
test_0727,c
test_0728,b
test_0729,d
test_0730,b
test_0731,b
test_0732,b
test_0733,a
test_0734,a
test_0735,c
test_0736,b
test_0737,b
test_0738,a
test_0739,b
test_0740,a
test_0741,d
test_0742,c
test_0743,d
test_0744,c
test_0745,d
test_0746,d
test_0747,b
test_0748,d
test_0749,d
test_0750,a
test_0751,d
test_0752,c
test_0753,c
test_0754,b
test_0755,d
test_0756,b
test_0757,a
test_0758,a
test_0759,c
test_0760,c
test_0761,d
test_0762,c
test_0763,b
test_0764,b
test_0765,a
test_0766,b
test_0767,a
test_0768,d
test_0769,c
test_0770,a
test_0771,c
test_0772,c
test_0773,c
test_0774,a
test_0775,a
test_0776,d
test_0777,b
test_0778,d
test_0779,a
test_0780,a
test_0781,a
test_0782,a
test_0783,c
test_0784,b
test_0785,b
test_0786,c
test_0787,d
test_0788,c
test_0789,a
test_0790,a
test_0791,b
test_0792,d
test_0793,c
test_0794,c
test_0795,d
test_0796,d
test_0797,d
test_0798,d
test_0799,b
test_0800,c
test_0801,c
test_0802,a
test_0803,a
test_0804,d
test_0805,a
test_0806,a
test_0807,b
test_0808,c
test_0809,c
test_0810,a
test_0811,a
test_0812,b
test_0813,b
test_0814,a
test_0815,a
test_0816,a
test_0817,a
test_0818,d
test_0819,a
test_0820,b
test_0821,b
test_0822,a
test_0823,d
test_0824,a
test_0825,a
test_0826,a
test_0827,c
test_0828,b
test_0829,c
test_0830,a
test_0831,c
test_0832,a
test_0833,d
test_0834,c
test_0835,c
test_0836,d
test_0837,a
test_0838,b
test_0839,b
test_0840,c
test_0841,c
test_0842,c
test_0843,b
test_0844,a
test_0845,c
test_0846,b
test_0847,b
test_0848,c
test_0849,c
test_0850,a
test_0851,a
test_0852,c
test_0853,c
test_0854,d
test_0855,d
test_0856,c
test_0857,d
test_0858,a
test_0859,a
test_0860,a
test_0861,d
test_0862,b
test_0863,a
test_0864,a
test_0865,b
test_0866,a
test_0867,c
test_0868,a
test_0869,b
test_0870,a
test_0871,d
test_0872,a
test_0873,a
test_0874,a
test_0875,a
test_0876,a
test_0877,c
test_0878,b
test_0879,a
test_0880,c
test_0881,b
test_0882,a
test_0883,c
test_0884,d
test_0885,c
test_0886,b
test_0887,d
test_0888,a
test_0889,b
test_0890,c
test_0891,b
test_0892,d
test_0893,d
test_0894,c
test_0895,d
test_0896,a
test_0897,c
test_0898,d
test_0899,a
test_0900,d
test_0901,a
test_0902,b
test_0903,a
test_0904,d
test_0905,c
test_0906,c
test_0907,d
test_0908,b
test_0909,b
test_0910,b
test_0911,c
test_0912,d
test_0913,d
test_0914,d
test_0915,d
test_0916,d
test_0917,d
test_0918,d
test_0919,d
test_0920,c
test_0921,b
test_0922,d
test_0923,c
test_0924,a
test_0925,b
test_0926,a
test_0927,a
test_0928,d
test_0929,d
test_0930,c
test_0931,a
test_0932,c
test_0933,c
test_0934,c
test_0935,b
test_0936,c
test_0937,c
test_0938,b
test_0939,a
test_0940,a
test_0941,c
test_0942,b
test_0943,a
test_0944,d
test_0945,a
test_0946,d
test_0947,a
test_0948,b
test_0949,b
test_0950,d
test_0951,c
test_0952,d
test_0953,d
test_0954,d
test_0955,c
test_0956,a
test_0957,d
test_0958,b
test_0959,a
test_0960,a
test_0961,c
test_0962,a
test_0963,a
test_0964,c
test_0965,b
test_0966,b
test_0967,b
test_0968,c
test_0969,d
test_0970,b
test_0971,d
test_0972,a
test_0973,a
test_0974,d
test_0975,a
test_0976,b
test_0977,a
test_0978,a
test_0979,c
test_0980,c
test_0981,b
test_0982,c
test_0983,a
test_0984,b
test_0985,d
test_0986,a
test_0987,a
test_0988,c
test_0989,a
test_0990,a
test_0991,c
test_0992,c
test_0993,a
test_0994,b
test_0995,c
test_0996,d
test_0997,b
test_0998,d
test_0999,d
test_1000,b
test_1001,a
test_1002,a
test_1003,b
test_1004,d
test_1005,d
test_1006,a
test_1007,a
test_1008,b
test_1009,a
test_1010,b
test_1011,b
test_1012,b
test_1013,a
test_1014,b
test_1015,d
test_1016,b
test_1017,c
test_1018,d
test_1019,b
test_1020,b
test_1021,a
test_1022,d
test_1023,d
test_1024,d
test_1025,a
test_1026,a
test_1027,b
test_1028,a
test_1029,b
test_1030,b
test_1031,b
test_1032,b
test_1033,a
test_1034,a
test_1035,a
test_1036,b
test_1037,c
test_1038,d
test_1039,a
test_1040,d
test_1041,d
test_1042,a
test_1043,b
test_1044,c
test_1045,c
test_1046,c
test_1047,b
test_1048,b
test_1049,b
test_1050,d
test_1051,b
test_1052,d
test_1053,b
test_1054,b
test_1055,c
test_1056,c
test_1057,b
test_1058,b
test_1059,b
test_1060,a
test_1061,c
test_1062,b
test_1063,d
test_1064,c
test_1065,d
test_1066,c
test_1067,b
test_1068,d
test_1069,b
test_1070,b
test_1071,a
test_1072,c
test_1073,a
test_1074,b
test_1075,a
test_1076,b
test_1077,c
test_1078,d
test_1079,c
test_1080,c
test_1081,d
test_1082,d
test_1083,c
test_1084,a
test_1085,d
test_1086,c
test_1087,c
test_1088,c
test_1089,b
test_1090,c
test_1091,d
test_1092,a
test_1093,d
test_1094,c
test_1095,c
test_1096,d
test_1097,b
test_1098,d
test_1099,b
test_1100,c
test_1101,d
test_1102,d
test_1103,d
test_1104,d
test_1105,d
test_1106,c
test_1107,d
test_1108,d
test_1109,c
test_1110,a
test_1111,d
test_1112,c
test_1113,b
test_1114,b
test_1115,d
test_1116,d
test_1117,d
test_1118,b
test_1119,d
test_1120,a
test_1121,b
test_1122,c
test_1123,a
test_1124,d
test_1125,a
test_1126,c
test_1127,b
test_1128,b
test_1129,a
test_1130,d
test_1131,d
test_1132,c
test_1133,a
test_1134,b
test_1135,d
test_1136,c
test_1137,b
test_1138,c
test_1139,c
test_1140,c
test_1141,a
test_1142,b
test_1143,b
test_1144,d
test_1145,c
test_1146,a
test_1147,b
test_1148,c
test_1149,d
test_1150,b
test_1151,b
test_1152,d
test_1153,a
test_1154,a
test_1155,d
test_1156,d
test_1157,d
test_1158,d
test_1159,c
test_1160,c
test_1161,b
test_1162,d
test_1163,b
test_1164,d
test_1165,d
test_1166,c
test_1167,b
test_1168,d
test_1169,d
test_1170,b
test_1171,c
test_1172,b
test_1173,a
test_1174,c
test_1175,a
test_1176,b
test_1177,a
test_1178,b
test_1179,b
test_1180,a
test_1181,d
test_1182,a
test_1183,c
test_1184,d
test_1185,a
test_1186,a
test_1187,b
test_1188,d
test_1189,b
test_1190,d
test_1191,d
test_1192,d
test_1193,d
test_1194,b
test_1195,d
test_1196,b
test_1197,a
test_1198,a
test_1199,a
test_1200,a
test_1201,c
test_1202,c
test_1203,d
test_1204,b
test_1205,b
test_1206,c
test_1207,c
test_1208,d
test_1209,c
test_1210,d
test_1211,c
test_1212,d
test_1213,d
test_1214,c
test_1215,a
test_1216,c
test_1217,a
test_1218,d
test_1219,d
test_1220,b
test_1221,a
test_1222,d
test_1223,c
test_1224,b
test_1225,d
test_1226,b
test_1227,a
test_1228,d
test_1229,b
test_1230,b
test_1231,c
test_1232,b
test_1233,c
test_1234,c
test_1235,c
test_1236,b
test_1237,a
test_1238,d
test_1239,a
test_1240,a
test_1241,d
test_1242,b
test_1243,d
test_1244,d
test_1245,d
test_1246,a
test_1247,b
test_1248,c
test_1249,a
test_1250,a
test_1251,a
test_1252,d
test_1253,d
test_1254,b
test_1255,c
test_1256,d
test_1257,a
test_1258,b
test_1259,b
test_1260,b
test_1261,a
test_1262,c
test_1263,a
test_1264,d
test_1265,c
test_1266,d
test_1267,c
test_1268,b
test_1269,b
test_1270,c
test_1271,c
test_1272,b
test_1273,d
test_1274,a
test_1275,c
test_1276,b
test_1277,c
test_1278,c
test_1279,c
test_1280,a
test_1281,d
test_1282,b
test_1283,a
test_1284,d
test_1285,b
test_1286,a
test_1287,c
test_1288,b
test_1289,d
test_1290,b
test_1291,c
test_1292,b
test_1293,d
test_1294,c
test_1295,d
test_1296,d
test_1297,c
test_1298,b
test_1299,a
test_1300,d
test_1301,c
test_1302,b
test_1303,c
test_1304,c
test_1305,b
test_1306,a
test_1307,d
test_1308,a
test_1309,c
test_1310,c
test_1311,b
test_1312,c
test_1313,c
test_1314,a
test_1315,b
test_1316,a
test_1317,d
test_1318,c
test_1319,d
test_1320,d
test_1321,a
test_1322,c
test_1323,d
test_1324,c
test_1325,c
test_1326,a
test_1327,c
test_1328,d
test_1329,b
test_1330,a
test_1331,b
test_1332,c
test_1333,c
test_1334,d
test_1335,a
test_1336,a
test_1337,d
test_1338,c
test_1339,a
test_1340,b
test_1341,a
test_1342,b
test_1343,b
test_1344,b
test_1345,a
test_1346,b
test_1347,d
test_1348,c
test_1349,b
test_1350,c
test_1351,d
test_1352,a
test_1353,c
test_1354,a
test_1355,a
test_1356,b
test_1357,b
test_1358,a
test_1359,d
test_1360,c
test_1361,a
test_1362,d
test_1363,d
test_1364,a
test_1365,d
test_1366,a
test_1367,d
test_1368,d
test_1369,a
test_1370,d
test_1371,d
test_1372,c
test_1373,b
test_1374,c
test_1375,a
test_1376,a
test_1377,a
test_1378,d
test_1379,c
test_1380,c
test_1381,d
test_1382,a
test_1383,b
test_1384,b
test_1385,b
test_1386,a
test_1387,b
test_1388,a
test_1389,d
test_1390,d
test_1391,b
test_1392,c
test_1393,c
test_1394,d
test_1395,c
test_1396,a
test_1397,a
test_1398,c
test_1399,a
test_1400,d
test_1401,d
test_1402,a
test_1403,a
test_1404,c
test_1405,c
test_1406,c
test_1407,d
test_1408,d
test_1409,b
test_1410,a
test_1411,a
test_1412,a
test_1413,b
test_1414,b
test_1415,b
test_1416,b
test_1417,d
test_1418,a
test_1419,c
test_1420,d
test_1421,a
test_1422,a
test_1423,c
test_1424,d
test_1425,c
test_1426,d
test_1427,a
test_1428,a
test_1429,a
test_1430,d
test_1431,c
test_1432,b
test_1433,a
test_1434,c
test_1435,a
test_1436,c
test_1437,a
test_1438,d
test_1439,b
test_1440,c
test_1441,c
test_1442,d
test_1443,c
test_1444,b
test_1445,c
test_1446,d
test_1447,d
test_1448,a
test_1449,c
test_1450,c
test_1451,d
test_1452,d
test_1453,b
test_1454,b
test_1455,c
test_1456,c
test_1457,b
test_1458,b
test_1459,a
test_1460,b
test_1461,b
test_1462,c
test_1463,c
test_1464,d
test_1465,a
test_1466,d
test_1467,d
test_1468,b
test_1469,b
test_1470,c
test_1471,d
test_1472,c
test_1473,b
test_1474,b
test_1475,a
test_1476,b
test_1477,c
test_1478,d
test_1479,c
test_1480,b
test_1481,b
test_1482,d
test_1483,b
test_1484,c
test_1485,a
test_1486,a
test_1487,a
test_1488,d
test_1489,b
test_1490,a
test_1491,b
test_1492,d
test_1493,b
test_1494,b
test_1495,d
test_1496,c
test_1497,d
test_1498,d
test_1499,b
test_1500,b
test_1501,b
test_1502,d
test_1503,b
test_1504,a
test_1505,b
test_1506,d
test_1507,b
test_1508,c
test_1509,a
test_1510,d
test_1511,b
test_1512,a
test_1513,d
test_1514,b
test_1515,b
test_1516,b
test_1517,c
test_1518,d
test_1519,c
test_1520,b
test_1521,c
test_1522,c
test_1523,d
test_1524,b
test_1525,d
test_1526,a
test_1527,d
test_1528,b
test_1529,a
test_1530,b
test_1531,c
test_1532,a
test_1533,d
test_1534,a
test_1535,c
test_1536,b
test_1537,d
test_1538,b
test_1539,c
test_1540,c
test_1541,c
test_1542,c
test_1543,c
test_1544,a
test_1545,c
test_1546,c
test_1547,d
test_1548,b
test_1549,d
test_1550,a
test_1551,c
test_1552,d
test_1553,a
test_1554,a
test_1555,d
test_1556,b
test_1557,d
test_1558,b
test_1559,b
test_1560,a
test_1561,a
test_1562,a
test_1563,c
test_1564,b
test_1565,b
test_1566,b
test_1567,c
test_1568,d
test_1569,d
test_1570,b
test_1571,d
test_1572,c
test_1573,b
test_1574,b
test_1575,a
test_1576,c
test_1577,c
test_1578,c
test_1579,a
test_1580,d
test_1581,c
test_1582,d
test_1583,b
test_1584,b
test_1585,b
test_1586,b
test_1587,b
test_1588,c
test_1589,b
test_1590,d
test_1591,b
test_1592,a
test_1593,a
test_1594,b
test_1595,d
test_1596,b
test_1597,d
test_1598,b
test_1599,b
test_1600,a
test_1601,b
test_1602,b
test_1603,a
test_1604,c
test_1605,d
test_1606,b
test_1607,d
test_1608,b
test_1609,b
test_1610,d
test_1611,a
test_1612,d
test_1613,b
test_1614,d
test_1615,d
test_1616,b
test_1617,b
test_1618,a
test_1619,c
test_1620,d
test_1621,b
test_1622,b
test_1623,d
test_1624,a
test_1625,d
test_1626,c
test_1627,a
test_1628,d
test_1629,b
test_1630,d
test_1631,b
test_1632,c
test_1633,a
test_1634,c
test_1635,d
test_1636,a
test_1637,c
test_1638,c
test_1639,a
test_1640,c
test_1641,c
test_1642,b
test_1643,b
test_1644,b
test_1645,a
test_1646,a
test_1647,d
test_1648,a
test_1649,a
test_1650,b
test_1651,d
test_1652,a
test_1653,a
test_1654,c
test_1655,d
test_1656,a
test_1657,a
test_1658,a
test_1659,c
test_1660,c
test_1661,a
test_1662,a
test_1663,d
test_1664,c
test_1665,b
test_1666,d
test_1667,a
test_1668,c
test_1669,b
test_1670,b
test_1671,a
test_1672,b
test_1673,a
test_1674,a
test_1675,a
test_1676,a
test_1677,a
test_1678,c
test_1679,d
test_1680,c
test_1681,b
test_1682,b
test_1683,d
test_1684,a
test_1685,a
test_1686,b
test_1687,a
test_1688,d
test_1689,d
test_1690,a
test_1691,b
test_1692,b
test_1693,c
test_1694,a
test_1695,a
test_1696,a
test_1697,a
test_1698,d
test_1699,d
test_1700,c
test_1701,a
test_1702,c
test_1703,b
test_1704,d
test_1705,b
test_1706,b
test_1707,a
test_1708,c
test_1709,b
test_1710,a
test_1711,a
test_1712,d
test_1713,b
test_1714,a
test_1715,a
test_1716,b
test_1717,a
test_1718,a
test_1719,c
test_1720,b
test_1721,a
test_1722,c
test_1723,c
test_1724,d
test_1725,d
test_1726,b
test_1727,a
test_1728,b
test_1729,d
test_1730,b
test_1731,d
test_1732,a
test_1733,c
test_1734,c
test_1735,c
test_1736,c
test_1737,b
test_1738,b
test_1739,b
test_1740,b
test_1741,c
test_1742,d
test_1743,c
test_1744,c
test_1745,a
test_1746,b
test_1747,d
test_1748,b
test_1749,c
test_1750,c
test_1751,a
test_1752,d
test_1753,c
test_1754,d
test_1755,c
test_1756,c
test_1757,d
test_1758,b
test_1759,b
test_1760,a
test_1761,b
test_1762,c
test_1763,a
test_1764,a
test_1765,c
test_1766,c
test_1767,b
test_1768,b
test_1769,c
test_1770,a
test_1771,b
test_1772,a
test_1773,a
test_1774,b
test_1775,b
test_1776,c
test_1777,a
test_1778,a
test_1779,a
test_1780,d
test_1781,d
test_1782,c
test_1783,b
test_1784,b
test_1785,d
test_1786,c
test_1787,b
test_1788,c
test_1789,a
test_1790,c
test_1791,b
test_1792,d
test_1793,a
test_1794,b
test_1795,d
test_1796,b
test_1797,b
test_1798,a
test_1799,d
test_1800,a
test_1801,a
test_1802,d
test_1803,b
test_1804,c
test_1805,c
test_1806,a
test_1807,c
test_1808,a
test_1809,d
test_1810,b
test_1811,a
test_1812,d
test_1813,b
test_1814,d
test_1815,b
test_1816,d
test_1817,c
test_1818,a
test_1819,a
test_1820,b
test_1821,a
test_1822,c
test_1823,d
test_1824,d
test_1825,c
test_1826,a
test_1827,d
test_1828,b
test_1829,a
test_1830,a
test_1831,a
test_1832,b
test_1833,b
test_1834,b
test_1835,b
test_1836,d
test_1837,d
test_1838,c
test_1839,a
test_1840,c
test_1841,a
test_1842,b
test_1843,b
test_1844,c
test_1845,a
test_1846,d
test_1847,a
test_1848,a
test_1849,a
test_1850,d
test_1851,c
test_1852,a
test_1853,b
test_1854,c
test_1855,d
test_1856,c
test_1857,b
test_1858,c
test_1859,b
test_1860,c
test_1861,b
test_1862,a
test_1863,c
test_1864,b
test_1865,b
test_1866,b
test_1867,c
test_1868,c
test_1869,d
test_1870,c
test_1871,c
test_1872,d
test_1873,c
test_1874,a
test_1875,d
test_1876,a
test_1877,a
test_1878,a
test_1879,b
test_1880,d
test_1881,a
test_1882,d
test_1883,c
test_1884,a
test_1885,a
test_1886,b
test_1887,c
test_1888,b
test_1889,c
test_1890,c
test_1891,a
test_1892,b
test_1893,c
test_1894,c
test_1895,d
test_1896,b
test_1897,c
test_1898,d
test_1899,d
test_1900,d
test_1901,d
test_1902,b
test_1903,b
test_1904,d
test_1905,a
test_1906,a
test_1907,d
test_1908,c
test_1909,c
test_1910,b
test_1911,d
test_1912,b
test_1913,b
test_1914,d
test_1915,b
test_1916,d
test_1917,c
test_1918,c
test_1919,c
test_1920,c
test_1921,c
test_1922,a
test_1923,b
test_1924,b
test_1925,d
test_1926,b
test_1927,c
test_1928,d
test_1929,a
test_1930,a
test_1931,a
test_1932,b
test_1933,a
test_1934,b
test_1935,d
test_1936,d
test_1937,a
test_1938,b
test_1939,c
test_1940,d
test_1941,c
test_1942,d
test_1943,a
test_1944,a
test_1945,a
test_1946,d
test_1947,a
test_1948,d
test_1949,b
test_1950,a
test_1951,d
test_1952,a
test_1953,a
test_1954,d
test_1955,a
test_1956,a
test_1957,a
test_1958,c
test_1959,b
test_1960,b
test_1961,a
test_1962,c
test_1963,c
test_1964,d
test_1965,d
test_1966,d
test_1967,d
test_1968,d
test_1969,c
test_1970,b
test_1971,a
test_1972,c
test_1973,a
test_1974,a
test_1975,a
test_1976,a
test_1977,b
test_1978,c
test_1979,b
test_1980,a
test_1981,b
test_1982,b
test_1983,b
test_1984,a
test_1985,a
test_1986,b
test_1987,a
test_1988,c
test_1989,a
test_1990,a
test_1991,c
test_1992,b
test_1993,d
test_1994,d
test_1995,a
test_1996,d
test_1997,c
test_1998,d
test_1999,a
test_2000,c
test_2001,b
test_2002,b
test_2003,d
test_2004,b
test_2005,d
test_2006,c
test_2007,a
test_2008,d
test_2009,a
test_2010,a
test_2011,d
test_2012,d
test_2013,b
test_2014,a
test_2015,c
test_2016,a
test_2017,a
test_2018,c
test_2019,b
test_2020,a
test_2021,b
test_2022,b
test_2023,a
test_2024,d
test_2025,a
test_2026,b
test_2027,d
test_2028,c
test_2029,c
test_2030,b
test_2031,b
test_2032,a
test_2033,a
test_2034,a
test_2035,c
test_2036,d
test_2037,c
test_2038,d
test_2039,a
test_2040,d
test_2041,a
test_2042,b
test_2043,a
test_2044,b
test_2045,a
test_2046,a
test_2047,c
test_2048,d
test_2049,b
test_2050,b
test_2051,c
test_2052,d
test_2053,b
test_2054,b
test_2055,d
test_2056,d
test_2057,d
test_2058,b
test_2059,b
test_2060,b
test_2061,a
test_2062,c
test_2063,b
test_2064,c
test_2065,a
test_2066,d
test_2067,b
test_2068,c
test_2069,a
test_2070,c
test_2071,a
test_2072,d
test_2073,c
test_2074,c
test_2075,c
test_2076,b
test_2077,b
test_2078,a
test_2079,d
test_2080,d
test_2081,c
test_2082,b
test_2083,a
test_2084,a
test_2085,b
test_2086,d
test_2087,a
test_2088,d
test_2089,c
test_2090,a
test_2091,d
test_2092,c
test_2093,d
test_2094,d
test_2095,d
test_2096,d
test_2097,d
test_2098,c
test_2099,a
test_2100,d
test_2101,d
test_2102,a
test_2103,a
test_2104,b
test_2105,b
test_2106,a
test_2107,c
test_2108,d
test_2109,a
test_2110,d
test_2111,c
test_2112,d
test_2113,a
test_2114,c
test_2115,a
test_2116,d
test_2117,a
test_2118,c
test_2119,b
test_2120,c
test_2121,a
test_2122,a
test_2123,b
test_2124,a
test_2125,a
test_2126,d
test_2127,d
test_2128,b
test_2129,c
test_2130,b
test_2131,b
test_2132,c
test_2133,d
test_2134,b
test_2135,b
test_2136,c
test_2137,b
test_2138,c
test_2139,c
test_2140,a
test_2141,b
test_2142,c
test_2143,c
test_2144,c
test_2145,d
test_2146,d
test_2147,d
test_2148,a
test_2149,b
test_2150,d
test_2151,c
test_2152,a
test_2153,c
test_2154,d
test_2155,c
test_2156,b
test_2157,a
test_2158,a
test_2159,d
test_2160,c
test_2161,a
test_2162,b
test_2163,c
test_2164,a
test_2165,b
test_2166,c
test_2167,d
test_2168,b
test_2169,c
test_2170,d
test_2171,d
test_2172,c
test_2173,c
test_2174,a
test_2175,c
test_2176,c
test_2177,b
test_2178,a
test_2179,d
test_2180,b
test_2181,a
test_2182,d
test_2183,b
test_2184,d
test_2185,b
test_2186,a
test_2187,d
test_2188,b
test_2189,a
test_2190,d
test_2191,d
test_2192,a
test_2193,c
test_2194,d
test_2195,c
test_2196,c
test_2197,b
test_2198,b
test_2199,c
test_2200,c
test_2201,d
test_2202,c
test_2203,b
test_2204,d
test_2205,c
test_2206,d
test_2207,a
test_2208,a
test_2209,b
test_2210,d
test_2211,b
test_2212,d
test_2213,d
test_2214,d
test_2215,d
test_2216,b
test_2217,c
test_2218,a
test_2219,b
test_2220,d
test_2221,b
test_2222,b
test_2223,b
test_2224,d
test_2225,d
test_2226,a
test_2227,d
test_2228,c
test_2229,a
test_2230,b
test_2231,a
test_2232,a
test_2233,d
test_2234,b
test_2235,d
test_2236,b
test_2237,d
test_2238,c
test_2239,c
test_2240,b
test_2241,c
test_2242,d
test_2243,a
test_2244,b
test_2245,a
test_2246,b
test_2247,d
test_2248,a
test_2249,d
test_2250,d
test_2251,d
test_2252,b
test_2253,d
test_2254,b
test_2255,d
test_2256,c
test_2257,d
test_2258,b
test_2259,a
test_2260,b
test_2261,b
test_2262,a
test_2263,a
test_2264,d
test_2265,b
test_2266,d
test_2267,a
test_2268,b
test_2269,b
test_2270,b
test_2271,a
test_2272,b
test_2273,b
test_2274,b
test_2275,b
test_2276,d
test_2277,a
test_2278,a
test_2279,d
test_2280,d
test_2281,b
test_2282,a
test_2283,c
test_2284,a
test_2285,c
test_2286,d
test_2287,a
test_2288,b
test_2289,a
test_2290,a
test_2291,b
test_2292,d
test_2293,a
test_2294,b
test_2295,c
test_2296,b
test_2297,a
test_2298,d
test_2299,d
test_2300,d
test_2301,c
test_2302,b
test_2303,d
test_2304,c
test_2305,a
test_2306,a
test_2307,d
test_2308,c
test_2309,d
test_2310,a
test_2311,d
test_2312,d
test_2313,b
test_2314,b
test_2315,a
test_2316,c
test_2317,b
test_2318,b
test_2319,c
test_2320,b
test_2321,c
test_2322,a
test_2323,a
test_2324,d
test_2325,d
test_2326,c
test_2327,d
test_2328,a
test_2329,b
test_2330,c
test_2331,d
test_2332,c
test_2333,b
test_2334,c
test_2335,b
test_2336,a
test_2337,d
test_2338,a
test_2339,a
test_2340,a
test_2341,b
test_2342,a
test_2343,c
test_2344,a
test_2345,a
test_2346,b
test_2347,b
test_2348,b
test_2349,d
test_2350,c
test_2351,d
test_2352,c
test_2353,a
test_2354,d
test_2355,b
test_2356,a
test_2357,a
test_2358,b
test_2359,a
test_2360,c
test_2361,c
test_2362,b
test_2363,b
test_2364,d
test_2365,d
test_2366,d
test_2367,d
test_2368,d
test_2369,b
test_2370,c
test_2371,a
test_2372,c
test_2373,a
test_2374,a
test_2375,c
test_2376,a
test_2377,c
test_2378,d
test_2379,b
test_2380,a
test_2381,c
test_2382,c
test_2383,a
test_2384,a
test_2385,b
test_2386,c
test_2387,d
test_2388,a
test_2389,c
test_2390,c
test_2391,c
test_2392,b
test_2393,d
test_2394,a
test_2395,b
test_2396,d
test_2397,b
test_2398,a
test_2399,b
test_2400,d
test_2401,d
test_2402,c
test_2403,c
test_2404,b
test_2405,d
test_2406,b
test_2407,a
test_2408,b
test_2409,b
test_2410,d
test_2411,c
test_2412,d
test_2413,c
test_2414,d
test_2415,c
test_2416,a
test_2417,d
test_2418,c
test_2419,a
test_2420,b
test_2421,d
test_2422,d
test_2423,a
test_2424,c
test_2425,d
test_2426,a
test_2427,d
test_2428,c
test_2429,d
test_2430,b
test_2431,c
test_2432,a
test_2433,b
test_2434,d
test_2435,d
test_2436,c
test_2437,c
test_2438,c
test_2439,c
test_2440,c
test_2441,a
test_2442,b
test_2443,b
test_2444,b
test_2445,c
test_2446,b
test_2447,c
test_2448,a
test_2449,d
test_2450,b
test_2451,b
test_2452,a
test_2453,b
test_2454,c
test_2455,a
test_2456,a
test_2457,c
test_2458,a
test_2459,c
test_2460,c
test_2461,b
test_2462,d
test_2463,a
test_2464,d
test_2465,d
test_2466,a
test_2467,d
test_2468,c
test_2469,c
test_2470,c
test_2471,a
test_2472,d
test_2473,b
test_2474,b
test_2475,d
test_2476,d
test_2477,a
test_2478,a
test_2479,a
test_2480,d
test_2481,d
test_2482,a
test_2483,a
test_2484,d
test_2485,b
test_2486,d
test_2487,c
test_2488,a
test_2489,a
test_2490,b
test_2491,b
test_2492,a
test_2493,c
test_2494,c
test_2495,b
test_2496,b
test_2497,a
test_2498,b
test_2499,c
test_2500,d
test_2501,d
test_2502,d
test_2503,b
test_2504,b
test_2505,a
test_2506,d
test_2507,a
test_2508,a
test_2509,a
test_2510,d
test_2511,b
test_2512,c
test_2513,b
test_2514,a
test_2515,b
test_2516,a
test_2517,b
test_2518,d
test_2519,a
test_2520,a
test_2521,c
test_2522,b
test_2523,b
test_2524,a
test_2525,b
test_2526,d
test_2527,b
test_2528,c
test_2529,a
test_2530,c
test_2531,d
test_2532,b
test_2533,c
test_2534,c
test_2535,b
test_2536,d
test_2537,a
test_2538,d
test_2539,d
test_2540,d
test_2541,b
test_2542,a
test_2543,c
test_2544,d
test_2545,d
test_2546,b
test_2547,b
test_2548,a
test_2549,a
test_2550,d
test_2551,b
test_2552,a
test_2553,b
test_2554,b
test_2555,c
test_2556,d
test_2557,b
test_2558,a
test_2559,c
test_2560,c
test_2561,b
test_2562,c
test_2563,d
test_2564,b
test_2565,c
test_2566,d
test_2567,a
test_2568,b
test_2569,a
test_2570,d
test_2571,b
test_2572,a
test_2573,c
test_2574,a
test_2575,a
test_2576,c
test_2577,a
test_2578,b
test_2579,b
test_2580,a
test_2581,d
test_2582,c
test_2583,b
test_2584,a
test_2585,d
test_2586,b
test_2587,b
test_2588,b
test_2589,b
test_2590,a
test_2591,d
test_2592,c
test_2593,b
test_2594,a
test_2595,a
test_2596,a
test_2597,a
test_2598,b
test_2599,c
test_2600,a
test_2601,c
test_2602,b
test_2603,a
test_2604,c
test_2605,c
test_2606,d
test_2607,d
test_2608,a
test_2609,c
test_2610,b
test_2611,b
test_2612,b
test_2613,c
test_2614,c
test_2615,a
test_2616,a
test_2617,b
test_2618,d
test_2619,c
test_2620,d
test_2621,d
test_2622,b
test_2623,b
test_2624,b
test_2625,d
test_2626,b
test_2627,a
test_2628,c
test_2629,b
test_2630,d
test_2631,d
test_2632,a
test_2633,c
test_2634,b
test_2635,a
test_2636,c
test_2637,a
test_2638,a
test_2639,b
test_2640,a
test_2641,a
test_2642,c
test_2643,c
test_2644,b
test_2645,b
test_2646,c
test_2647,d
test_2648,a
test_2649,c
test_2650,c
test_2651,a
test_2652,b
test_2653,b
test_2654,a
test_2655,c
test_2656,a
test_2657,c
test_2658,a
test_2659,a
test_2660,d
test_2661,d
test_2662,b
test_2663,c
test_2664,d
test_2665,d
test_2666,a
test_2667,d
test_2668,a
test_2669,a
test_2670,a
test_2671,c
test_2672,b
test_2673,c
test_2674,a
test_2675,c
test_2676,a
test_2677,a
test_2678,b
test_2679,b
test_2680,d
test_2681,d
test_2682,c
test_2683,a
test_2684,c
test_2685,b
test_2686,b
test_2687,c
test_2688,a
test_2689,c
test_2690,a
test_2691,b
test_2692,b
test_2693,c
test_2694,c
test_2695,a
test_2696,d
test_2697,b
test_2698,d
test_2699,a
test_2700,c
test_2701,b
test_2702,d
test_2703,d
test_2704,b
test_2705,d
test_2706,c
test_2707,a
test_2708,a
test_2709,d
test_2710,d
test_2711,d
test_2712,a
test_2713,d
test_2714,b
test_2715,a
test_2716,b
test_2717,a
test_2718,b
test_2719,a
test_2720,c
test_2721,d
test_2722,c
test_2723,d
test_2724,d
test_2725,b
test_2726,d
test_2727,b
test_2728,b
test_2729,b
test_2730,a
test_2731,a
test_2732,b
test_2733,b
test_2734,a
test_2735,b
test_2736,b
test_2737,d
test_2738,a
test_2739,b
test_2740,c
test_2741,d
test_2742,d
test_2743,b
test_2744,c
test_2745,b
test_2746,a
test_2747,b
test_2748,d
test_2749,a
test_2750,d
test_2751,d
test_2752,a
test_2753,d
test_2754,b
test_2755,c
test_2756,d
test_2757,b
test_2758,d
test_2759,d
test_2760,a
test_2761,c
test_2762,b
test_2763,b
test_2764,d
test_2765,b
test_2766,d
test_2767,b
test_2768,d
test_2769,d
test_2770,c
test_2771,c
test_2772,a
test_2773,d
test_2774,b
test_2775,a
test_2776,c
test_2777,a
test_2778,d
test_2779,a
test_2780,d
test_2781,a
test_2782,b
test_2783,b
test_2784,a
test_2785,a
test_2786,c
test_2787,a
test_2788,b
test_2789,d
test_2790,a
test_2791,c
test_2792,b
test_2793,a
test_2794,c
test_2795,d
test_2796,a
test_2797,b
test_2798,a
test_2799,d
test_2800,c
test_2801,c
test_2802,b
test_2803,b
test_2804,a
test_2805,b
test_2806,c
test_2807,d
test_2808,b
test_2809,c
test_2810,c
test_2811,a
test_2812,b
test_2813,a
test_2814,a
test_2815,a
test_2816,c
test_2817,d
test_2818,b
test_2819,a
test_2820,b
test_2821,b
test_2822,d
test_2823,b
test_2824,d
test_2825,b
test_2826,a
test_2827,b
test_2828,d
test_2829,b
test_2830,b
test_2831,d
test_2832,b
test_2833,c
test_2834,c
test_2835,d
test_2836,a
test_2837,d
test_2838,b
test_2839,b
test_2840,b
test_2841,b
test_2842,d
test_2843,a
test_2844,b
test_2845,d
test_2846,d
test_2847,c
test_2848,b
test_2849,d
test_2850,d
test_2851,d
test_2852,b
test_2853,c
test_2854,b
test_2855,b
test_2856,b
test_2857,d
test_2858,b
test_2859,d
test_2860,a
test_2861,d
test_2862,d
test_2863,b
test_2864,d
test_2865,d
test_2866,a
test_2867,d
test_2868,b
test_2869,b
test_2870,b
test_2871,b
test_2872,a
test_2873,a
test_2874,c
test_2875,d
test_2876,b
test_2877,b
test_2878,d
test_2879,c
test_2880,b
test_2881,b
test_2882,a
test_2883,c
test_2884,c
test_2885,d
test_2886,c
test_2887,a
test_2888,a
test_2889,a
test_2890,a
test_2891,b
test_2892,d
test_2893,a
test_2894,b
test_2895,d
test_2896,a
test_2897,a
test_2898,a
test_2899,c
test_2900,b
test_2901,b
test_2902,b
test_2903,c
test_2904,a
test_2905,b
test_2906,b
test_2907,b
test_2908,a
test_2909,b
test_2910,b
test_2911,c
test_2912,a
test_2913,d
test_2914,d
test_2915,c
test_2916,c
test_2917,b
test_2918,b
test_2919,d
test_2920,b
test_2921,b
test_2922,d
test_2923,a
test_2924,c
test_2925,d
test_2926,b
test_2927,d
test_2928,c
test_2929,a
test_2930,a
test_2931,d
test_2932,c
test_2933,a
test_2934,d
test_2935,d
test_2936,c
test_2937,b
test_2938,b
test_2939,c
test_2940,a
test_2941,c
test_2942,a
test_2943,a
test_2944,c
test_2945,d
test_2946,c
test_2947,d
test_2948,c
test_2949,c
test_2950,b
test_2951,b
test_2952,a
test_2953,c
test_2954,c
test_2955,d
test_2956,a
test_2957,d
test_2958,c
test_2959,a
test_2960,b
test_2961,d
test_2962,b
test_2963,b
test_2964,c
test_2965,b
test_2966,a
test_2967,a
test_2968,b
test_2969,b
test_2970,a
test_2971,c
test_2972,b
test_2973,b
test_2974,d
test_2975,a
test_2976,d
test_2977,d
test_2978,b
test_2979,a
test_2980,d
test_2981,a
test_2982,b
test_2983,b
test_2984,a
test_2985,b
test_2986,a
test_2987,d
test_2988,a
test_2989,d
test_2990,b
test_2991,d
test_2992,c
test_2993,a
test_2994,a
test_2995,b
test_2996,a
test_2997,c
test_2998,d
test_2999,a
test_3000,a
test_3001,b
test_3002,d
test_3003,a
test_3004,b
test_3005,b
test_3006,c
test_3007,b
test_3008,d
test_3009,b
test_3010,d
test_3011,a
test_3012,a
test_3013,a
test_3014,b
test_3015,c
test_3016,c
test_3017,b
test_3018,a
test_3019,c
test_3020,d
test_3021,d
test_3022,c
test_3023,a
test_3024,a
test_3025,a
test_3026,c
test_3027,c
test_3028,c
test_3029,b
test_3030,b
test_3031,b
test_3032,c
test_3033,a
test_3034,b
test_3035,b
test_3036,d
test_3037,b
test_3038,d
test_3039,b
test_3040,a
test_3041,d
test_3042,a
test_3043,a
test_3044,b
test_3045,c
test_3046,c
test_3047,b
test_3048,c
test_3049,c
test_3050,b
test_3051,d
test_3052,b
test_3053,a
test_3054,d
test_3055,a
test_3056,d
test_3057,c
test_3058,c
test_3059,c
test_3060,b
test_3061,b
test_3062,b
test_3063,d
test_3064,c
test_3065,d
test_3066,d
test_3067,a
test_3068,b
test_3069,d
test_3070,a
test_3071,a
test_3072,b
test_3073,a
test_3074,b
test_3075,b
test_3076,a
test_3077,d
test_3078,a
test_3079,a
test_3080,a
test_3081,d
test_3082,c
test_3083,c
test_3084,a
test_3085,d
test_3086,d
test_3087,a
test_3088,d
test_3089,a
test_3090,c
test_3091,d
test_3092,d
test_3093,c
test_3094,d
test_3095,d
test_3096,d
test_3097,a
test_3098,b
test_3099,a
test_3100,c
test_3101,a
test_3102,b
test_3103,a
test_3104,d
test_3105,b
test_3106,b
test_3107,a
test_3108,d
test_3109,a
test_3110,a
test_3111,a
test_3112,a
test_3113,d
test_3114,c
test_3115,c
test_3116,a
test_3117,a
test_3118,a
test_3119,d
test_3120,a
test_3121,b
test_3122,a
test_3123,b
test_3124,b
test_3125,d
test_3126,c
test_3127,b
test_3128,d
test_3129,d
test_3130,a
test_3131,d
test_3132,a
test_3133,d
test_3134,c
test_3135,c
test_3136,b
test_3137,b
test_3138,d
test_3139,a
test_3140,c
test_3141,a
test_3142,d
test_3143,a
test_3144,b
test_3145,a
test_3146,c
test_3147,a
test_3148,c
test_3149,a
test_3150,c
test_3151,a
test_3152,a
test_3153,b
test_3154,c
test_3155,b
test_3156,d
test_3157,d
test_3158,a
test_3159,c
test_3160,d
test_3161,b
test_3162,a
test_3163,a
test_3164,b
test_3165,d
test_3166,d
test_3167,d
test_3168,b
test_3169,d
test_3170,a
test_3171,a
test_3172,c
test_3173,a
test_3174,a
test_3175,a
test_3176,a
test_3177,c
test_3178,a
test_3179,a
test_3180,a
test_3181,c
test_3182,c
test_3183,b
test_3184,b
test_3185,d
test_3186,b
test_3187,a
test_3188,c
test_3189,a
test_3190,b
test_3191,a
test_3192,a
test_3193,a
test_3194,a
test_3195,b
test_3196,a
test_3197,c
test_3198,b
test_3199,d
test_3200,c
test_3201,c
test_3202,a
test_3203,b
test_3204,b
test_3205,c
test_3206,b
test_3207,b
test_3208,c
test_3209,d
test_3210,d
test_3211,d
test_3212,a
test_3213,b
test_3214,d
test_3215,a
test_3216,d
test_3217,a
test_3218,d
test_3219,c
test_3220,c
test_3221,b
test_3222,d
test_3223,a
test_3224,d
test_3225,c
test_3226,d
test_3227,a
test_3228,c
test_3229,a
test_3230,c
test_3231,d
test_3232,c
test_3233,a
test_3234,a
test_3235,c
test_3236,b
test_3237,d
test_3238,c
test_3239,c
test_3240,c
test_3241,a
test_3242,d
test_3243,d
test_3244,d
test_3245,d
test_3246,c
test_3247,d
test_3248,b
test_3249,b
test_3250,d
test_3251,c
test_3252,b
test_3253,c
test_3254,a
test_3255,c
test_3256,b
test_3257,b
test_3258,d
test_3259,b
test_3260,d
test_3261,c
test_3262,b
test_3263,b
test_3264,c
test_3265,c
test_3266,d
test_3267,a
test_3268,d
test_3269,d
test_3270,d
test_3271,b
test_3272,c
test_3273,d
test_3274,b
test_3275,d
test_3276,c
test_3277,c
test_3278,c
test_3279,b
test_3280,a
test_3281,d
test_3282,c
test_3283,c
test_3284,c
test_3285,a
test_3286,d
test_3287,a
test_3288,c
test_3289,b
test_3290,b
test_3291,a
test_3292,c
test_3293,b
test_3294,a
test_3295,c
test_3296,a
test_3297,b
test_3298,a
test_3299,b
test_3300,b
test_3301,d
test_3302,a
test_3303,b
test_3304,a
test_3305,a
test_3306,a
test_3307,d
test_3308,d
test_3309,a
test_3310,a
test_3311,b
test_3312,c
test_3313,b
test_3314,c
test_3315,d
test_3316,b
test_3317,c
test_3318,a
test_3319,c
test_3320,d
test_3321,b
test_3322,a
test_3323,a
test_3324,d
test_3325,d
test_3326,d
test_3327,b
test_3328,d
test_3329,d
test_3330,b
test_3331,c
test_3332,d
test_3333,d
test_3334,d
test_3335,c
test_3336,c
test_3337,d
test_3338,a
test_3339,c
test_3340,b
test_3341,a
test_3342,b
test_3343,a
test_3344,c
test_3345,a
test_3346,d
test_3347,c
test_3348,d
test_3349,b
test_3350,a
test_3351,b
test_3352,a
test_3353,d
test_3354,b
test_3355,a
test_3356,a
test_3357,d
test_3358,a
test_3359,d
test_3360,a
test_3361,c
test_3362,b
test_3363,a
test_3364,a
test_3365,b
test_3366,d
test_3367,b
test_3368,a
test_3369,c
test_3370,a
test_3371,a
test_3372,d
test_3373,a
test_3374,c
test_3375,d
test_3376,b
test_3377,d
test_3378,b
test_3379,a
test_3380,a
test_3381,d
test_3382,c
test_3383,b
test_3384,b
test_3385,b
test_3386,c
test_3387,a
test_3388,a
test_3389,d
test_3390,d
test_3391,b
test_3392,b
test_3393,d
test_3394,a
test_3395,b
test_3396,c
test_3397,a
test_3398,a
test_3399,a
test_3400,c
test_3401,b
test_3402,a
test_3403,b
test_3404,a
test_3405,b
test_3406,b
test_3407,a
test_3408,d
test_3409,a
test_3410,a
test_3411,b
test_3412,b
test_3413,b
test_3414,b
test_3415,b
test_3416,a
test_3417,b
test_3418,a
test_3419,d
test_3420,c
test_3421,c
test_3422,c
test_3423,b
test_3424,b
test_3425,a
test_3426,d
test_3427,c
test_3428,b
test_3429,a
test_3430,b
test_3431,b
test_3432,a
test_3433,d
test_3434,a
test_3435,d
test_3436,a
test_3437,b
test_3438,b
test_3439,a
test_3440,a
test_3441,c
test_3442,b
test_3443,d
test_3444,b
test_3445,b
test_3446,d
test_3447,a
test_3448,d
test_3449,d
test_3450,a
test_3451,a
test_3452,d
test_3453,c
test_3454,d
test_3455,c
test_3456,d
test_3457,d
test_3458,c
test_3459,d
test_3460,b
test_3461,c
test_3462,b
test_3463,a
test_3464,d
test_3465,d
test_3466,b
test_3467,a
test_3468,b
test_3469,b
test_3470,a
test_3471,a
test_3472,a
test_3473,b
test_3474,a
test_3475,b
test_3476,d
test_3477,d
test_3478,b
test_3479,b
test_3480,b
test_3481,a
test_3482,a
test_3483,d
test_3484,a
test_3485,b
test_3486,b
test_3487,b
test_3488,c
test_3489,a
test_3490,a
test_3491,c
test_3492,b
test_3493,c
test_3494,c
test_3495,b
test_3496,a
test_3497,d
test_3498,d
test_3499,b
test_3500,c
test_3501,b
test_3502,c
test_3503,d
test_3504,a
test_3505,a
test_3506,a
test_3507,c
test_3508,c
test_3509,c
test_3510,d
test_3511,a
test_3512,d
test_3513,b
test_3514,a
test_3515,b
test_3516,c
test_3517,b
test_3518,c
test_3519,d
test_3520,a
test_3521,d
test_3522,a
test_3523,c
test_3524,b
test_3525,d
test_3526,c
test_3527,d
test_3528,b
test_3529,c
test_3530,b
test_3531,a
test_3532,d
test_3533,c
test_3534,a
test_3535,d
test_3536,b
test_3537,d
test_3538,d
test_3539,d
test_3540,d
test_3541,d
test_3542,b
test_3543,a
test_3544,d
test_3545,a
test_3546,d
test_3547,c
test_3548,c
test_3549,d
test_3550,d
test_3551,d
test_3552,a
test_3553,d
test_3554,a
test_3555,d
test_3556,a
test_3557,c
test_3558,c
test_3559,c
test_3560,a
test_3561,a
test_3562,b
test_3563,d
test_3564,c
test_3565,b
test_3566,c
test_3567,d
test_3568,c
test_3569,a
test_3570,d
test_3571,b
test_3572,b
test_3573,a
test_3574,b
test_3575,d
test_3576,b
test_3577,d
test_3578,b
test_3579,a
test_3580,c
test_3581,a
test_3582,d
test_3583,b
test_3584,a
test_3585,c
test_3586,c
test_3587,b
test_3588,c
test_3589,b
test_3590,b
test_3591,b
test_3592,a
test_3593,d
test_3594,b
test_3595,b
test_3596,a
test_3597,a
test_3598,a
test_3599,d
test_3600,d
test_3601,c
test_3602,d
test_3603,b
test_3604,d
test_3605,c
test_3606,c
test_3607,c
test_3608,c
test_3609,b
test_3610,c
test_3611,b
test_3612,d
test_3613,b
test_3614,c
test_3615,c
test_3616,c
test_3617,a
test_3618,b
test_3619,b
test_3620,d
test_3621,a
test_3622,c
test_3623,a
test_3624,d
test_3625,a
test_3626,b
test_3627,d
test_3628,c
test_3629,b
test_3630,d
test_3631,c
test_3632,d
test_3633,a
test_3634,a
test_3635,a
test_3636,d
test_3637,a
test_3638,d
test_3639,b
test_3640,b
test_3641,a
test_3642,d
test_3643,a
test_3644,d
test_3645,d
test_3646,c
test_3647,b
test_3648,a
test_3649,c
test_3650,d
test_3651,a
test_3652,b
test_3653,d
test_3654,b
test_3655,b
test_3656,b
test_3657,c
test_3658,c
test_3659,c
test_3660,d
test_3661,d
test_3662,c
test_3663,c
test_3664,d
test_3665,a
test_3666,b
test_3667,c
test_3668,b
test_3669,a
test_3670,a
test_3671,d
test_3672,b
test_3673,d
test_3674,a
test_3675,d
test_3676,d
test_3677,c
test_3678,b
test_3679,b
test_3680,b
test_3681,b
test_3682,a
test_3683,d
test_3684,d
test_3685,c
test_3686,a
test_3687,d
test_3688,c
test_3689,a
test_3690,b
test_3691,a
test_3692,b
test_3693,c
test_3694,a
test_3695,a
test_3696,d
test_3697,d
test_3698,c
test_3699,b
test_3700,a
test_3701,b
test_3702,b
test_3703,c
test_3704,d
test_3705,b
test_3706,c
test_3707,a
test_3708,a
test_3709,c
test_3710,b
test_3711,d
test_3712,b
test_3713,d
test_3714,a
test_3715,b
test_3716,b
test_3717,b
test_3718,b
test_3719,b
test_3720,a
test_3721,b
test_3722,a
test_3723,d
test_3724,b
test_3725,c
test_3726,d
test_3727,d
test_3728,c
test_3729,c
test_3730,a
test_3731,c
test_3732,c
test_3733,c
test_3734,d
test_3735,b
test_3736,a
test_3737,c
test_3738,b
test_3739,b
test_3740,a
test_3741,a
test_3742,d
test_3743,b
test_3744,c
test_3745,a
test_3746,b
test_3747,d
test_3748,a
test_3749,d
test_3750,b
test_3751,c
test_3752,b
test_3753,b
test_3754,a
test_3755,b
test_3756,b
test_3757,d
test_3758,c
test_3759,d
test_3760,d
test_3761,d
test_3762,d
test_3763,b
test_3764,d
test_3765,d
test_3766,d
test_3767,c
test_3768,a
test_3769,a
test_3770,d
test_3771,a
test_3772,d
test_3773,a
test_3774,b
test_3775,b
test_3776,b
test_3777,b
test_3778,a
test_3779,b
test_3780,b
test_3781,a
test_3782,c
test_3783,a
test_3784,b
test_3785,d
test_3786,c
test_3787,c
test_3788,c
test_3789,b
test_3790,d
test_3791,b
test_3792,c
test_3793,d
test_3794,c
test_3795,c
test_3796,a
test_3797,d
test_3798,d
test_3799,a
test_3800,d
test_3801,a
test_3802,b
test_3803,c
test_3804,a
test_3805,b
test_3806,d
test_3807,d
test_3808,a
test_3809,a
test_3810,c
test_3811,a
test_3812,b
test_3813,a
test_3814,d
test_3815,b
test_3816,a
test_3817,a
test_3818,d
test_3819,a
test_3820,b
test_3821,b
test_3822,a
test_3823,a
test_3824,a
test_3825,d
test_3826,d
test_3827,d
test_3828,c
test_3829,c
test_3830,a
test_3831,b
test_3832,a
test_3833,a
test_3834,d
test_3835,a
test_3836,d
test_3837,a
test_3838,b
test_3839,a
test_3840,b
test_3841,c
test_3842,c
test_3843,d
test_3844,b
test_3845,d
test_3846,b
test_3847,d
test_3848,b
test_3849,d
test_3850,a
test_3851,d
test_3852,c
test_3853,d
test_3854,c
test_3855,c
test_3856,d
test_3857,c
test_3858,b
test_3859,a
test_3860,d
test_3861,a
test_3862,b
test_3863,b
test_3864,a
test_3865,b
test_3866,b
test_3867,a
test_3868,d
test_3869,c
test_3870,c
test_3871,c
test_3872,a
test_3873,b
test_3874,b
test_3875,b
test_3876,c
test_3877,d
test_3878,c
test_3879,b
test_3880,b
test_3881,a
test_3882,c
test_3883,d
test_3884,c
test_3885,b
test_3886,b
test_3887,c
